标志,ID,人物,位置,内容,跳转,是否锁定,效果,目标
#,0,泰拉,右,……,1,否,,
#,1,泰拉,右,……哎……,2,否,,
#,2,泰拉,右,脑袋……好沉……,3,否,,
#,3,泰拉,右,又是那个梦……,4,否,,
#,4,泰拉,右,我……好像又梦见父亲和儿时的玩伴了……,5,否,,
#,5,泰拉,右,这次应该是地球时代的海边 上次甚至是在月球背面的山脊上,6,否,,
#,6,泰拉,右,真是离奇的梦 我到底沉睡了多久……啊 不好!明天是清理员任职报道的日子!,7,否,,
#,7,泰拉,右,身子好累……但是很多证件我还没有准备好,8,否,,
#,8,泰拉,右,要起床收拾一下吗?,9,否,,
&,9,泰拉,右,再睡会……,11,否,,
&,10,泰拉,右,起床收拾下吧!,12,否,,
#,11,泰拉,右,休息了一会 精神得到了滋养……,8,否,,
#,12,泰拉,右,我起!,13,否,,
END,13,,,,,否,,
#,14,泰拉,右,这是父亲留下的鱼缸,15,否,,
#,15,泰拉,右,他仿照着留存的资料和鱼类的DNA库，培养出了半生物的类鱼体,16,否,,
#,16,泰拉,右,这些小家伙一定没想到自己有一天能在虚空中游泳,17,否,,
#,17,泰拉,右,他们很顽强 只需要定期补充营养液 他们在眼前这颗恒星提供的热能下活得很好,18,否,,
#,18,泰拉,右,这可是星舰上为数不多的其他物种了,19,否,,
#,19,泰拉,右,小家伙离开地球一定很不适应,20,否,,
END,20,,,,,否,,
#,21,泰拉,右,现在要到走廊上去吗？,22,否,,
#,22,泰拉,右,算了,25,否,,
#,23,泰拉,右,刷下ID卡,24,是,,
#,24,泰拉,右,欸 ID卡不在口袋里？？我一定把它忘在屋子的某个角落了,25,否,,
END,25,泰拉,右,,,否,,
#,26,Mao,左,Memory Recorder系统启动中,27,否,,
#,27,泰拉,右,...??,28,否,,
#,28,泰拉,右,什么动静,29,否,,
#,29,Mao,左,您好 我是Mao!!初次见面 在下是西罗先生的MR系统,30,否,,
#,30,泰拉,右,你是父亲留下的的记忆体？,31,否,,
#,31,Mao,左,是的喵~现已检测到您今日已经成年，系统自动系统,32,否,,
#,32,泰拉,右,怪不得我之前怎么动你也没动静，原来是设置了检测,33,否,,
#,33,泰拉,右,还好没把你扔了……,34,否,,
#,34,Mao,左,。。。小的感谢大人不扔之恩！！,35,否,,
#,35,Mao,左,为了报答您，我现在就将西罗先生委托我的信息传输给你,36,否,,
#,36,Mao,左,这就是西罗先生的MR系统，现在交给您使用,37,否,,
#,37,Mao,左,您可以在这里存储遇到的所有信息,38,否,,
#,38,Mao,左,作为一名即将到任的文明清理员，记录和回调信息可是很重要的哦,39,否,,
#,39,Mao,左,除此之外，这里还存储有您随身携带的物品信息,40,否,,
#,40,Mao,左,可以切换小型武器，或者道具，在舰船内通行,41,否,,
#,41,Mao,左,如果有不懂的地方，可以查看星舰Wiki,42,否,,
#,42,Mao,左,或者向我提问,43,否,,
#,43,Mao,左,需要再讲解一遍吗？,44,否,,
&,44,泰拉,右,再讲解一遍吧,46,否,,
&,45,泰拉,右,我已经了解了,47,否,,
#,46,Mao,左,好的那我再讲一遍,36,否,,
#,47,Mao,左,好哦，有事再咨询猫猫我捏~,48,否,,
END,48,,,,,否,,
#,49,Mao,左,现在已经过了地球时0点 您的身份已经更新为清理员,50,否,,
#,50,Mao,左,ID卡刷新前是无法通过检测外出的,51,否,,
#,51,Mao,左,您要在读卡器刷新下ID，在个人PC登陆后刷新系统,52,否,,
#,52,泰拉,右,我的卡应该在我的口袋里,53,否,,
#,53,泰拉,右,好像不在我口袋里,54,否,,
#,54,Mao,左,因为我才刚刚启动，没有存储您之前的记忆,55,否,,
#,55,Mao,左,在四处找一下吧，之后再遇到这种情况就可以问我啦,56,否,,
#,56,泰拉,右,那我找一下,57,否,,
END,57,,,,,否,,
#,58,Mao,左,MR系统现在检测到你已经装备了镇定枪模组,59,否,,
#,59,Mao,左,可以尝试射击试试看,60,否,,
#,60,Mao,左,不同枪支的子弹会随机分布在星舰上,61,否,,
#,61,Mao,左,可以注意拾取,62,否,,
END,62,,,,,,,
#,63,泰拉,右,天鹅座NH558J2星系 是我们现在所处的星系,64,否,,
#,64,泰拉,右,眼前的这颗恒星 就是我们的“母星” 我们现在的太阳,65,否,,
#,65,泰拉,右,与温和的太阳系的太阳不同 这颗太阳要凶残的多,66,否,,
#,66,泰拉,右,就好比继母与继子 怎能对我们这些移民视如己出呢?,67,否,,
#,67,泰拉,右,它巨大的气旋吞噬着周遭的小行星们 将它们撕裂成碎片,68,否,,
#,68,泰拉,右,同时吸引了两颗气态行星的部分元素,69,否,,
#,69,泰拉,右,形成了强辐射且危险的小行星带,70,否,,
#,70,泰拉,右,辐射着在外工作的星舰公民们,71,否,,
END,71,,,,,,,
#,72,泰拉,右,这张是安定室的理疗券,73,否,,
#,73,泰拉,右,那些对外太空环境产生恐惧心理的人可以去这里治疗,74,否,,
#,74,泰拉,右,不知是基因遗传还是心理作用 舰员中偶尔会有对虚空产生反应的人,75,否,,
#,75,泰拉,右,一方面 老派的生物学家和关一帆博士认为这是人数万年生活在大地上的习惯,76,否,,
#,76,泰拉,右,先锋的心理学家和星舰的上层认为非也，这种恐惧是可以克服的,77,否,,
#,77,泰拉,右,我们从小就被送到飞船的顶楼上接受虚空抗性训练,78,否,,
#,78,泰拉,右,那是一个全玻璃的房间 身子被无限的宇宙包裹着 显得自己非常渺小,79,否,,
#,79,泰拉,右,在那里的孩子们被教育着 宇宙才是他们的家 漂泊是他们的归宿,80,否,,
END,80,,,,,否,,
#,81,泰拉,右,这是全舰广播的重要信息 每个恒星日都会自动更新,82,否,,
#,82,泰拉,右,地球世代的人们耗费了巨大财力 在蓝色空间好实现了全船联动的信息系统,83,否,,
#,83,泰拉,右,任何表面都可以被当作信息的载体,84,否,,
#,84,泰拉,右,这则通知的标题为：《谨防外部信号通知》,85,否,,
#,85,泰拉,右,自三体侵略和黑暗战役发生后,86,否,,
#,86,泰拉,右,人类对黑暗森林法则的重视程度越来越高,87,否,,
#,87,泰拉,右,这也是星舰文明的总则,88,否,,
END,88,,,,,否,,
#,89,泰拉,右,由于感光材料和显影药水的稀缺,90,否,,
#,90,泰拉,右,每个家庭只有一次冲洗合照的机会,91,否,,
#,91,泰拉,右,长时间的宇宙衰变 使得照片上的 面容早已模糊不清,92,否,,
#,92,泰拉,右,这是我们全家唯一一张合照,93,否,,
#,93,泰拉,右,也是我最后一次看见父亲的笑容,94,否,,
#,94,泰拉,右,我的妈妈是劳动建设部的工程师,95,否,,
#,95,泰拉,右,她在我小时被诊断得了“辐射病”,96,否,,
#,96,泰拉,右,这是由于这个恒星系的气态行星和小行星带尘埃作用造成的,97,否,,
#,97,泰拉,右,辐射病是一种神经毒素病 地球时代的人可没见过,98,否,,
#,98,泰拉,右,妈妈因为病情太重 被接到了安定室 直到去世,99,否,,
#,99,泰拉,右,我的爸爸是一名科研员 他和妈妈都是最晚一批苏醒的,100,否,,
#,100,泰拉,右,他们都是在地球出生的“旧时代”的人,101,否,,
#,101,泰拉,右,在我小时候 爸爸喜欢给我讲地球上的趣事,102,否,,
#,102,泰拉,右,妈妈去世后,103,否,,
#,103,泰拉,右,父亲就再不怎么说话了,104,否,,
#,104,泰拉,右,在我12岁那年..父亲失踪了,105,否,,
#,105,泰拉,右,父亲...你在哪？,106,否,,
#,106,泰拉,右,所有人都不知道你的去向……,107,否,,
END,107,,,,,否,,
#,108,泰拉,右,欸 这是??,109,否,,
#,109,泰拉,右,妈妈的病历单?,110,否,,
#,110,泰拉,右,我之前怎么没有发现,111,否,,
END,111,,,,,否,,
#,112,泰拉,右,这个密码似乎刚才看见过,113,否,,
END,113,,,,,否,,
#,114,Mao,左,这支枪是伤害最低的防身设备 每个子弹内含有镇定剂,115,否,,
#,115,Mao,左,每个成年干员都会随身配备,116,否,,
#,116,Mao,左,当船上发现因"蓝星病"而发狂的人员时,117,否,,
#,117,Mao,左,可以对其发射,118,否,,
#,118,Mao,左,当人员受到伤害大于护甲时,119,否,,
#,119,Mao,左,会陷入沉睡状态,120,否,,
#,120,Mao,左,但要注意如果伤害过高 危及到人员的生命 会十分危险,121,否,,
#,121,Mao,左,请注意药剂的用量,122,否,,
#,122,Mao,左,现在为您生成一个模拟训练AI,123,否,,
#,123,Mao,左,您可以向他开枪练习,124,否,,
#,124,Mao,左,注意 AI的护甲已经完全击破,125,否,,
#,125,Mao,左,再次开枪会损害生命,126,否,,
#,126,Mao,左,如果误杀了船员的性命,127,否,,
#,127,Mao,左,会扣除您一定的积分,128,否,,
END,128,,,,,,,
#,129,受伤的清理员,左,你......你没中毒,130,否,,
#,130,受伤的清理员,左,主舱这里居然还有人,131,否,,
#,131,泰拉,右,我本来今天要去报道的 不小心睡过了 到底发生什么事了,132,否,,
#,132,受伤的清理员,左,今天炽星的黑子突然爆发,133,否,,
#,133,受伤的清理员,左,在外作业的基建部干员没有做好充足的保护,134,否,,
#,134,受伤的清理员,左,身体收到了辐射和矿石感染 陷入了狂躁状态,135,否,,
#,135,受伤的清理员,左,他们已经破坏了船西部的电力系统,136,否,,
#,136,受伤的清理员,左,目前整艘船处于供电不足的状态 余电一旦用完 整艘船都会瘫痪,137,否,,
#,137,泰拉,右,我明白了 目前的当务之急就是恢复船上的电力系统 可为什么只有你在这里?,138,否,,
#,138,受伤的清理员,左,整个监察部的干员都被困在了东部训练场 减压仓因低电量而关闭了,139,否,,
#,139,受伤的清理员,左,我前来恢复供电系统 没想到受到了失控干员的袭击 他们就在那边,140,否,,
#,140,泰拉,右,我知道了 我会把电力系统恢复的 可是你怎么办?,141,否,,
#,141,受伤的清理员,左,没事 我在掩体这里 他们暂时看不到,142,否,,
#,142,受伤的清理员,左,遇到他们 只需要注射镇定子弹 就可以让他们陷入昏迷状态  切记不可过量 会伤到他们的性命,143,否,,
#,143,受伤的清理员,左,当下最着急的 是进入配电间 将飞船的供电系统恢复,144,否,,
#,144,受伤的清理员,左,不然整个星舰国际都会覆灭,145,否,,
#,145,受伤的清理员,左,别忘了我们是以什么代价来到这里的,146,否,,
#,146,受伤的清理员,左,除了这里......我们......已经没有家了,147,否,,
END,147,,,,,,,
#,148,朴义君,左,#005号干员 泰拉.....收到请回答,149,否,,
#,149,泰拉,右,我在,150,否,,
#,150,泰拉,右,抱歉指挥官 我刚刚在休息中......,151,否,,
#,151,泰拉,右,是训练场需要备用干员的协助吗 如果需要的话 我......,152,否,,
#,152,朴义君,左,炽星风暴爆发了!,153,否,,
#,153,朴义君,左,恒星风摧毁了飞船的电力系统,154,否,,
#,154,朴义君,左,现在整个船都在以余电低功耗地运行,155,否,,
#,155,朴义君,左,东区训练场这边的减压阀因供电不足而停运了,156,否,,
#,156,朴义君,左,我们都被困在这里,157,否,,
#,157,朴义君,左,你应该还在西区的宿舍吧,158,否,,
#,158,朴义君,左,我们需要你的协助,159,否,,
#,159,泰拉,右,可是我只是个备用干员......,160,否,,
#,160,泰拉,右,我觉得我做不到......,161,否,,
#,161,朴义君,左,你必须做到!,162,否,,
#,162,朴义君,左,不要重蹈你父亲的旧辙......,163,否,,
#,163,朴义君,左,完成这个任务 我们会既往不咎 提拔你为正式干员,164,否,,
#,164,泰拉,右,我父亲不是星舰国际的叛徒! 他......,165,否,,
#,165,朴义君,左,泰拉!,166,否,,
#,166,朴义君,左,整个银河系人类的命运把我在你的手里,167,否,,
#,167,朴义君,左,时间不多了,168,否,,
#,168,朴义君,左,赶紧先去配电间 更换备用电池,169,否,,
#,169,朴义君,左,东区恢复电力后 启动减压阀 去舱外将损坏的太阳能板修正,170,否,,
#,170,朴义君,左,事成之后,171,否,,
#,171,朴义君,左,我会告诉你父亲的真相,172,否,,
#,172,泰拉,右,我明白了......,173,否,,
END,173,,,,,,,
#,174,泰拉,右,先不管那么多了,175,否,,
#,175,泰拉,右,为了查明父亲真相,176,否,,
#,176,泰拉,右,为了让大家活下来,177,否,,
#,177,泰拉,右,完成任务更重要,178,否,,
#,178,泰拉,右,更何况成为了正式干员,179,否,,
#,179,泰拉,右,就能获得更高的权限,180,否,,
#,180,泰拉,右,或许能查明父亲的下落......,181,否,,
#,181,泰拉,右,先找到电间更换备用电池吧,182,否,,
END,182,,,,,,,
#,183,干员A,左,呦,184,否,,
#,184,干员A,左,瞧瞧谁来了,185,否,,
#,185,干员B,左,我们的正式......哦不,186,否,,
#,186,干员B,左,即将因功转正的 备 用 干 员来了!,187,否,,
#,187,泰拉,右,(沉默不语),188,否,,
#,188,干员B,左,你可让小爷我等太久了,189,否,,
#,189,干员B,左,作为备用干员,190,否,,
#,190,干员B,左,场外协助应该及时,191,否,,
#,191,干员A,左,说不定这次停电还是你那爸爸捣的鬼,192,否,,
&,192,泰拉,右,怒吼"不许说我父亲!",198,否,,
&,193,泰拉,右,沉默,194,否,,
#,194,干员A,左,呵呵 不敢说话了吧,195,否,,
#,195,干员A,左,跟你那父亲一样,196,否,,
#,196,干员A,左,迟早是星舰国际的叛徒,197,否,,
#,197,干员A,左,谁知道这次救我们安的什么心,202,否,,
#,198,干员A,左,谁 谁怕你啊,199,否,,
#,199,干员A,左,这么大火气,200,否,,
#,200,干员A,左,停电不是你干的吧   ,201,否,,
#,201,干员A,左,我 我要去朴舰长那里举报你,202,否,,
END,202,,,,,,,
#,203,干员C,左,听说 是那个泰拉把电力系统恢复了,204,否,,
#,204,干员C,左,还挺厉害的......,205,否,,
#,205,泰拉,右,嗨 你们好!,206,否,,
#,206,干员C,左,(干员脸上是略显尴尬的表情),207,否,,
#,207,干员C,左,你......你好啊......泰,208,否,,
#,208,干员D,左,(另一个干员拉住正在说话干员的胳膊),209,否,,
#,209,干员D,左,我们继续聊回自己的事吧,210,否,,
END,210,,,,211,,,
#,211,泰拉,右,指挥官......,212,否,,
#,212,泰拉,右,我来报道了,213,否,,
#,213,朴义君,左,哦 是泰拉啊,214,否,,
#,214,朴义君,左,一会儿开会我会和大家同步下你这次的事迹,215,否,,
#,215,泰拉,右,(不知道是不是我看错了),216,否,,
#,216,泰拉,右,(我似乎从指挥官的眼神中看到一丝轻蔑的意味),217,否,,
#,217,朴义君,左,做的不错,218,否,,
#,218,朴义君,左,以后就是正式干员,219,否,,
#,219,朴义君,左,和大家一起训练吧,220,否,,
#,220,朴义君,左,会议要开始了,221,否,,
#,221,朴义君,左,我去准备下,222,否,,
#,222,泰拉,右,是,223,否,,
END,223,,,,,,,
#,224,秋原,左,欢迎来到控制室,225,否,,
#,225,秋原,左,今天是你第一次进行工作,226,否,,
#,226,秋原,左,我会先将工作流程简述一遍,227,否,,
#,227,秋原,左,准备好了吗?,228,否,,
#,228,泰拉,右,准备好了,229,否,,
#,229,泰拉,右,好,230,否,,
#,230,秋原,左,清理员是星舰国际最重要的干员之一,231,否,,
#,231,秋原,左,我们所进行的日常工作,232,否,,
#,232,秋原,左,就是将系统检测到的不同维度的文明信号清除,233,否,,
&,233,泰拉,右,有点抽象?,236,否,,
&,234,泰拉,右,好吧,238,否,,
&,235,泰拉,右,哦 就是类似给系统清除病毒的工作?,237,否,,
#,236,秋原,左,没关系 我将进一步解释,238,否,,
#,237,秋原,左,很相似,238,否,,
#,238,秋原,左,我们作为一个三维文明,239,否,,
#,239,秋原,左,其实是生活在一片黑暗森林里,240,否,,
#,240,秋原,左,森林里处处是看不到的猎人,241,否,,
#,241,秋原,左,这些猎人 就是其他文明,242,否,,
#,242,秋原,左,当我们先一步发现其他文明时,243,否,,
#,243,秋原,左,要先发制人,244,否,,
#,244,秋原,左,因此我们做的工作,245,否,,
#,245,秋原,左,其实就是防患于未然,246,否,,
#,246,秋原,左,在我们的领空 系统检测到其他文明的踪迹,247,否,,
#,247,秋原,左,我们就需要将这些信号的个体抹除,248,否,,
#,248,泰拉,右,个体,249,否,,
#,249,泰拉,右,也就是说,250,否,,
&,250,泰拉,右,我在杀生吗......,252,否,,
&,251,泰拉,右,我会伤害其他人吗?,252,否,,
#,252,秋原,左,弱肉强食,253,否,,
#,253,秋原,左,所有高阶文明都是这么做的,254,否,,
#,254,秋原,左,更何况大多时候,255,否,,
#,255,秋原,左,一些我们留下的太空垃圾也会误判为文明信号,256,否,,
#,256,秋原,左,你遇到到真正文明的可能性还算比较低,257,否,,
#,257,秋原,左,不要道德绑架自己,258,否,,
#,258,秋原,左,还有,259,否,,
#,259,秋原,左,绝对理智,260,否,,
#,260,秋原,左,才是文明生存下去的钥匙,261,否,,
#,261,泰拉,右,绝对理智吗......,262,否,,
#,262,泰拉,右,那我们对他人的同情与情感,263,否,,
#,263,泰拉,右,难道就忽视了吗,264,否,,
#,264,秋原,左,情感在现阶段,265,否,,
#,265,秋原,左,需要摒弃掉,266,否,,
#,266,泰拉,右,那如果我们遇到地球 抱歉口误了 蓝星的信号呢,267,否,,
#,267,泰拉,右,要将其消灭吗,268,否,,
#,268,秋原,左,(秋原上校轻叹一口气),269,否,,
#,269,秋原,左,需要,270,否,,
#,270,秋原,左,我们在黑暗战役中,271,否,,
#,271,秋原,左,就差点被所谓的地球同胞诱骗返航,272,否,,
#,272,秋原,左,但是值得让你安慰的是,273,否,,
#,273,秋原,左,我们已经飞出太阳系三十光年了,274,否,,
#,274,秋原,左,按照蓝星的科技水平,275,否,,
#,275,秋原,左,我们遇不到他们,276,否,,
#,276,秋原,左,那么,277,否,,
#,277,秋原,左,现在你准备好工作了吗,278,否,,
#,278,泰拉,右,大概准备好了,279,否,,
#,279,秋原,左,没时间浪费了,280,否,,
#,280,秋原,左,我去中控台指挥大家,281,否,,
#,281,秋原,左,五分钟后,282,否,,
#,282,秋原,左,作战开始,283,否,,
#,283,秋原,左,我会远程对你进行辅助,284,否,,
#,284,泰拉,右,好,285,否,,
END,285,,,,,,,
#,286,神秘人士,左,3号控制室的干员听着,287,否,,
#,287,神秘人士,左,不要妄动,288,否,,
#,288,泰拉,右,谁,289,否,,
#,289,泰拉,右,谁在控制信息屏,290,否,,
#,290,神秘人士,左,哦 ,291,否,,
#,291,神秘人士,左,我看你有点眼熟,292,否,,
#,292,神秘人士,左,想起来了,293,否,,
#,293,神秘人士,左,你是那混球的儿子,294,否,,
#,294,泰拉,右,你认识,295,否,,
#,295,泰拉,右,我父亲?,296,否,,
#,296,神秘人士,左,不但认识,297,否,,
#,297,神秘人士,左,他还是我们组织的佳话呢,298,否,,
#,298,神秘人士,左,你爹这小子,299,否,,
#,299,神秘人士,左,走这么多年,300,否,,
#,300,神秘人士,左,估计都快到太阳系了,301,否,,
#,301,神秘人士,左,当初没带上我,302,否,,
#,302,神秘人士,左,害我摩拳擦掌了多少年,303,否,,
#,303,泰拉,右,我父亲,304,否,,
#,304,泰拉,右,去了地球?,305,否,,
#,305,神秘人士,左,嗯哼,306,否,,
#,306,神秘人士,左,你答对了,307,否,,
#,307,神秘人士,左,但是今天,308,否,,
#,308,神秘人士,左,我们也要去,309,否,,
#,309,神秘人士,左,所以,310,否,,
#,310,神秘人士,左,你小子要给我们放行,311,否,,
#,311,神秘人士,左,我们在你的工作界面做了提示,312,否,,
#,312,神秘人士,左,一会你不要攻击红色三角形的信号,313,否,,
#,313,泰拉,右,我为什么要帮你们?,314,否,,
#,314,神秘人士,左,为什么?,315,否,,
#,315,神秘人士,左,因为......,316,否,,
#,316,神秘人士,左,我们死了,317,否,,
#,317,神秘人士,左,就让全船的人陪葬,318,否,,
#,318,神秘人士,左,这不是应该的嘛,319,否,,
#,319,神秘人士,左,银河系人类也不是什么善类,320,否,,
#,320,神秘人士,左,说好听点遵循了黑暗森林法则,321,否,,
#,321,神秘人士,左,难听点就是屠戮了这么多其他文明,322,否,,
#,322,神秘人士,左,不过 我会给你好处,323,否,,
#,323,神秘人士,左,你放我们走,324,否,,
#,324,神秘人士,左,我会告诉你你爹那臭小子的位置,325,否,,
#,325,泰拉,右,我父亲......,326,否,,
#,326,泰拉,右,好,327,否,,
#,327,泰拉,右,我答应你,328,否,,
#,328,神秘人士,左,嗯哼,329,否,,
#,329,神秘人士,左,那等我们逃出生天了,330,否,,
#,330,神秘人士,左,再联系你,331,否,,
#,331,神秘人士,左,奇怪的人消失了,332,否,,
#,332,秋原,左,干员泰拉 这里是远控中心,333,否,,
#,333,秋原,左,为什么还不进入工作系统,334,否,,
#,334,秋原,左,收到请回答,335,否,,
#,335,泰拉,右,报告秋原上校,336,否,,
#,336,泰拉,右,我马上进入系统,337,否,,
#,337,泰拉,右,(不能让秋原上校起疑心 还是赶紧进入操作系统吧),338,否,,
END,338,,,,,,,
